<?xml version="1.0"?>
<documentation xmlns:xsi="http://www.w3.org/2001/XMLSchema-instance"
    xsi:noNamespaceSchemaLocation="https://phpcsstandards.github.io/PHPCSDevTools/phpcsdocs.xsd"
    title="Deprecated Classes"
    >
    <standard>
    <![CDATA[
    Please refrain from using deprecated WordPress classes. 
    ]]>
    </standard>
    <code_comparison>
        <code title="Valid: Use of a current (non-deprecated) class.">
        <![CDATA[
$a = new <em>WP_User_Query</em>();
        ]]>
        </code>
        <code title="Invalid: Use of a deprecated class.">
        <![CDATA[
$a = new <em>WP_User_Search</em>(); // Deprecated WP 3.1.
        ]]>
        </code>
    </code_comparison>
</documentation>
